Accuracy,Loss,Classification_Loss,Robustness_Loss,Concept_Loss,Step
0.8446000027656555,0.739016387462616,0.44786711990833283,0.0,0.2911492645740509,0
0.8446000027656555,0.739016387462616,0.44786711990833283,0.0,0.2911492645740509,0
0.8446000027656555,0.739016387462616,0.44786711990833283,0.0,0.2911492645740509,0
