Accuracy,Loss,Classification_Loss,Robustness_Loss,Concept_Loss,Step
0.8401000022888183,0.7570164048671723,0.45660220324993134,0.0,0.30041420221328735,0
0.8401000022888183,0.7570164048671723,0.45660220324993134,0.0,0.30041420221328735,0
